<?xml version="1.0" encoding="UTF-8"?>
<project version="4">
  <component name="ChangeListManager">
    <list default="true" id="535988bc-9731-4ef7-8a36-e7416a01c1bc" name="Default Changelist" comment="" />
    <option name="EXCLUDED_CONVERTED_TO_IGNORED" value="true" />
    <option name="SHOW_DIALOG" value="false" />
    <option name="HIGHLIGHT_CONFLICTS" value="true" />
    <option name="HIGHLIGHT_NON_ACTIVE_CHANGELIST" value="false" />
    <option name="LAST_RESOLUTION" value="IGNORE" />
  </component>
  <component name="FavoritesManager">
    <favorites_list name="python" />
  </component>
  <component name="FileEditorManager">
    <leaf SIDE_TABS_SIZE_LIMIT_KEY="300" />
  </component>
  <component name="FileTemplateManagerImpl">
    <option name="RECENT_TEMPLATES">
      <list>
        <option value="Python Script" />
      </list>
    </option>
  </component>
  <component name="IdeDocumentHistory">
    <option name="CHANGED_PATHS">
      <list>
        <option value="$PROJECT_DIR$/requirements.txt" />
        <option value="$PROJECT_DIR$/calculations.py" />
        <option value="$PROJECT_DIR$/server.py" />
      </list>
    </option>
  </component>
  <component name="ProjectFrameBounds">
    <option name="y" value="23" />
    <option name="width" value="1440" />
    <option name="height" value="826" />
  </component>
  <component name="ProjectView">
    <navigator proportions="" version="1">
      <foldersAlwaysOnTop value="true" />
    </navigator>
    <panes>
      <pane id="ProjectPane" />
      <pane id="Scope" />
    </panes>
  </component>
  <component name="PropertiesComponent">
    <property name="last_opened_file_path" value="$PROJECT_DIR$" />
    <property name="settings.editor.selected.configurable" value="configurable.group.appearance" />
  </component>
  <component name="RunDashboard">
    <option name="ruleStates">
      <list>
        <RuleState>
          <option name="name" value="ConfigurationTypeDashboardGroupingRule" />
        </RuleState>
        <RuleState>
          <option name="name" value="StatusDashboardGroupingRule" />
        </RuleState>
      </list>
    </option>
  </component>
  <component name="RunManager" selected="Python.server">
    <configuration name="calculations" type="PythonConfigurationType" factoryName="Python" temporary="true">
      <module name="loans-backend" />
      <option name="INTERPRETER_OPTIONS" value="" />
      <option name="PARENT_ENVS" value="true" />
      <envs>
        <env name="PYTHONUNBUFFERED" value="1" />
      </envs>
      <option name="SDK_HOME" value="" />
      <option name="WORKING_DIRECTORY" value="$PROJECT_DIR$" />
      <option name="IS_MODULE_SDK" value="true" />
      <option name="ADD_CONTENT_ROOTS" value="true" />
      <option name="ADD_SOURCE_ROOTS" value="true" />
      <option name="SCRIPT_NAME" value="$PROJECT_DIR$/calculations.py" />
      <option name="PARAMETERS" value="" />
      <option name="SHOW_COMMAND_LINE" value="false" />
      <option name="EMULATE_TERMINAL" value="false" />
      <option name="MODULE_MODE" value="false" />
      <option name="REDIRECT_INPUT" value="false" />
      <option name="INPUT_FILE" value="" />
      <method v="2" />
    </configuration>
    <configuration name="server" type="PythonConfigurationType" factoryName="Python" temporary="true">
      <module name="loans-backend" />
      <option name="INTERPRETER_OPTIONS" value="" />
      <option name="PARENT_ENVS" value="true" />
      <envs>
        <env name="PYTHONUNBUFFERED" value="1" />
      </envs>
      <option name="SDK_HOME" value="" />
      <option name="WORKING_DIRECTORY" value="$PROJECT_DIR$" />
      <option name="IS_MODULE_SDK" value="true" />
      <option name="ADD_CONTENT_ROOTS" value="true" />
      <option name="ADD_SOURCE_ROOTS" value="true" />
      <option name="SCRIPT_NAME" value="$PROJECT_DIR$/server.py" />
      <option name="PARAMETERS" value="" />
      <option name="SHOW_COMMAND_LINE" value="false" />
      <option name="EMULATE_TERMINAL" value="false" />
      <option name="MODULE_MODE" value="false" />
      <option name="REDIRECT_INPUT" value="false" />
      <option name="INPUT_FILE" value="" />
      <method v="2" />
    </configuration>
    <recent_temporary>
      <list>
        <item itemvalue="Python.server" />
        <item itemvalue="Python.calculations" />
      </list>
    </recent_temporary>
  </component>
  <component name="SvnConfiguration">
    <configuration />
  </component>
  <component name="TaskManager">
    <task active="true" id="Default" summary="Default task">
      <changelist id="535988bc-9731-4ef7-8a36-e7416a01c1bc" name="Default Changelist" comment="" />
      <created>1570045654293</created>
      <option name="number" value="Default" />
      <option name="presentableId" value="Default" />
      <updated>1570045654293</updated>
    </task>
    <servers />
  </component>
  <component name="ToolWindowManager">
    <frame x="0" y="23" width="1440" height="826" extended-state="0" />
    <layout>
      <window_info active="true" content_ui="combo" id="Project" order="0" sideWeight="0.4989858" visible="true" weight="0.2532189" />
      <window_info id="Structure" order="1" side_tool="true" weight="0.25" />
      <window_info id="Favorites" order="2" sideWeight="0.5010142" side_tool="true" weight="0.24964234" />
      <window_info anchor="bottom" id="Message" order="0" />
      <window_info anchor="bottom" id="Find" order="1" />
      <window_info anchor="bottom" id="Run" order="2" visible="true" weight="0.32833788" />
      <window_info anchor="bottom" id="Debug" order="3" weight="0.4" />
      <window_info anchor="bottom" id="Cvs" order="4" weight="0.25" />
      <window_info anchor="bottom" id="Inspection" order="5" weight="0.4" />
      <window_info anchor="bottom" id="TODO" order="6" />
      <window_info anchor="bottom" id="Version Control" order="7" />
      <window_info anchor="bottom" id="Terminal" order="8" weight="0.32970026" />
      <window_info anchor="bottom" id="Event Log" order="9" side_tool="true" />
      <window_info anchor="bottom" id="Python Console" order="10" />
      <window_info anchor="right" id="Commander" internal_type="SLIDING" order="0" type="SLIDING" weight="0.4" />
      <window_info anchor="right" id="Ant Build" order="1" weight="0.25" />
      <window_info anchor="right" content_ui="combo" id="Hierarchy" order="2" weight="0.25" />
      <window_info anchor="right" id="R Graphics" order="3" />
      <window_info anchor="right" id="R Packages" order="4" />
    </layout>
  </component>
  <component name="editorHistoryManager">
    <entry file="file://$PROJECT_DIR$/calculations.py" />
    <entry file="file://$PROJECT_DIR$/templates/index.ejs">
      <provider selected="true" editor-type-id="text-editor">
        <state relative-caret-position="166">
          <caret line="239" column="34" lean-forward="true" selection-start-line="239" selection-start-column="34" selection-end-line="239" selection-end-column="34" />
        </state>
      </provider>
    </entry>
    <entry file="file://$PROJECT_DIR$/static/style.css">
      <provider selected="true" editor-type-id="text-editor">
        <state relative-caret-position="-2017" />
      </provider>
    </entry>
    <entry file="file://$USER_HOME$/Liabilitiesdata_2019-10-2_1658.csv" />
    <entry file="file://$PROJECT_DIR$/server.py">
      <provider selected="true" editor-type-id="text-editor">
        <state relative-caret-position="645">
          <caret line="43" column="44" selection-start-line="43" selection-start-column="44" selection-end-line="43" selection-end-column="44" />
          <folding>
            <element signature="e#0#13#0" expanded="true" />
          </folding>
        </state>
      </provider>
    </entry>
    <entry file="file://$PROJECT_DIR$/README.md">
      <provider selected="true" editor-type-id="split-provider[text-editor;markdown-preview-editor]">
        <state split_layout="SPLIT">
          <first_editor relative-caret-position="180">
            <caret line="12" selection-start-line="12" selection-end-line="12" />
          </first_editor>
          <second_editor />
        </state>
      </provider>
    </entry>
    <entry file="file://$PROJECT_DIR$/requirements.txt">
      <provider selected="true" editor-type-id="text-editor">
        <state relative-caret-position="120">
          <caret line="8" column="14" selection-start-line="8" selection-start-column="14" selection-end-line="8" selection-end-column="14" />
        </state>
      </provider>
    </entry>
  </component>
</project>